{
    "LAT_LNG": {
        "Phnom Penh": { "lat": 11.55, "lng": 104.9167 },
        "Banteay Meanchey": { "lat": 13.75321302, "lng": 102.9894965 },
        "Battambang": { "lat": 13.09931318, "lng": 103.201446 },
        "Kampong Cham": { "lat": 11.99255608, "lng": 105.4644398 },
        "Kampong Chhnang": { "lat": 12.26301485, "lng": 104.6758092 },
        "Kampong Speu": { "lat": 11.46461577, "lng": 104.5069304 },
        "Kampong Thom": { "lat": 12.71054553, "lng": 104.8726302 },
        "Kampot": { "lat": 10.59546349, "lng": 104.1635839 },
        "Kandal": { "lat": 11.45924382, "lng": 104.9447355 },
        "Koh Kong": { "lat": 11.61646283, "lng": 102.9806657 },
        "Kratie": { "lat": 12.49171489, "lng": 106.0281838 },
        "Mondulkiri": { "lat": 12.46140952, "lng": 107.1867941 },
        "Preah Vihear": { "lat": 13.79182713, "lng": 104.9811973 },
        "Prey Veng": { "lat": 11.48519196, "lng": 105.3280685 },
        "Pursat": { "lat": 12.46332833, "lng": 103.8946358 },
        "Ratanakiri": { "lat": 13.7404469, "lng": 106.9849218 },
        "Siem Reap": { "lat": 13.36624373, "lng": 103.8551901 },
        "Preah Sihanouk": { "lat": 10.63246112, "lng": 103.5115242 },
        "Stung Treng": { "lat": 13.50808806, "lng": 105.9675997 },
        "Svay Rieng": { "lat": 11.08794891, "lng": 105.8010019 },
        "Takeo": { "lat": 10.9897821, "lng": 104.7872742 },
        "Oddar Meanchey": { "lat": 14.16094341, "lng": 103.820847 },
        "Kep": { "lat": 10.54298299, "lng": 104.3189874 },
        "Pailin": { "lat": 12.91106163, "lng": 102.6675069 },
        "Tbong Khmum": { "lat": 11.88910999, "lng": 105.8759834 }
    },
    "GRAPH": {
        "Phnom Penh": { "Kandal": 14 },
        "Kandal": { "Phnom Penh": 14, "Takeo": 65, "Kampong Speu": 66.3, "Kampong Chhnang": 106, "Kampong Cham": 119, "Prey Veng": 90.5 },
        "Takeo": { "Kandal": 65, "Kampong Speu": 81.8, "Kampot": 89.6 },
        "Kampong Speu": { "Takeo": 81.8, "Kandal": 66.3, "Kampong Chhnang": 111, "Pursat": 211, "Koh Kong": 248, "Kampot": 125, "Preah Sihanouk": 166 },
        "Kampong Chhnang": { "Kandal": 106, "Kampong Speu": 111, "Pursat": 106, "Kampong Cham": 153, "Kampong Thom": 63.9 },
        "Kampong Cham": { "Kampong Chhnang": 153, "Kandal": 119, "Prey Veng": 76, "Tbong Khmum": 59.8, "Kampong Thom": 110, "Kratie": 113 },
        "Kampong Thom": { "Kampong Chhnang": 63.9, "Kampong Cham": 110, "Preah Vihear": 144, "Siem Reap": 159, "Kratie": 174, "Stung Treng": 238 },
        "Kampot": { "Takeo": 89.6, "Preah Sihanouk": 98.6, "Kep": 22.9, "Koh Kong": 239, "Kampong Speu": 125 },
        "Kep": { "Kampot": 22.9 },
        "Preah Sihanouk": { "Kampot": 98.6, "Kampong Speu": 166, "Koh Kong": 223 },
        "Koh Kong": { "Preah Sihanouk": 223, "Kampot": 239, "Kampong Speu": 248, "Pursat": 238 },
        "Pursat": { "Koh Kong": 238, "Kampong Speu": 211, "Kampong Chhnang": 106, "Battambang": 117 },
        "Prey Veng": { "Kandal": 90.5, "Kampong Cham": 76, "Tbong Khmum": 97.1, "Svay Rieng": 92.6 },
        "Tbong Khmum": { "Kampong Cham": 59.8, "Prey Veng": 97.1, "Kratie": 114 },
        "Siem Reap": { "Kampong Thom": 159, "Preah Vihear": 159, "Battambang": 163, "Banteay Meanchey": 104 },
        "Preah Vihear": { "Kampong Thom": 144, "Siem Reap": 159, "Stung Treng": 132, "Oddar Meanchey": 132 },
        "Battambang": { "Pursat": 117, "Banteay Meanchey": 68.1, "Pailin": 78, "Siem Reap": 163 },
        "Banteay Meanchey": { "Battambang": 68.1, "Siem Reap": 104, "Oddar Meanchey": 101 },
        "Pailin": { "Battambang": 78 },
        "Svay Rieng": { "Prey Veng": 92.6 },
        "Kratie": { "Kampong Cham": 113, "Tbong Khmum": 114, "Kampong Thom": 174, "Stung Treng": 135, "Mondulkiri": 194 },
        "Stung Treng": { "Kampong Thom": 238, "Preah Vihear": 140, "Kratie": 135, "Ratanakiri": 138, "Mondulkiri": 314 },
        "Oddar Meanchey": { "Preah Vihear": 132, "Banteay Meanchey": 101 },
        "Mondulkiri": { "Stung Treng": 314, "Ratanakiri": 104, "Kratie": 194 },
        "Ratanakiri": { "Stung Treng": 138, "Mondulkiri": 104 }
    }
}
